timestamp_iso,t_sec,temp_c,heater_on,fan_pwm,ideal_low,ideal_high
2025-11-06T18:26:05,1.9,24.90,0,0,25.00,32.00
2025-11-06T18:26:06,2.9,24.70,0,0,25.00,32.00
2025-11-06T18:26:07,4.0,24.70,0,0,25.00,32.00
2025-11-06T18:26:08,5.0,24.80,0,0,25.00,32.00
2025-11-06T18:26:09,6.0,24.70,0,0,25.00,32.00
2025-11-06T18:26:10,7.1,24.60,0,0,25.00,32.00
2025-11-06T18:26:11,8.1,24.70,0,0,25.00,32.00
2025-11-06T18:26:12,9.2,24.70,0,0,25.00,32.00
2025-11-06T18:26:13,10.2,24.70,0,0,25.00,32.00
2025-11-06T18:26:14,11.3,24.60,0,0,25.00,32.00
2025-11-06T18:26:15,12.3,24.60,0,0,25.00,32.00
2025-11-06T18:26:16,13.4,24.60,0,0,25.00,32.00
2025-11-06T18:26:17,14.4,24.70,0,0,25.00,32.00
2025-11-06T18:26:18,15.4,24.60,0,0,25.00,32.00
2025-11-06T18:26:19,16.5,24.60,0,0,25.00,32.00
2025-11-06T18:26:21,17.5,24.70,0,0,25.00,32.00
2025-11-06T18:26:22,18.6,24.60,0,0,25.00,32.00
2025-11-06T18:26:23,19.6,24.60,0,0,25.00,32.00
2025-11-06T18:26:24,20.7,24.50,1,0,25.00,32.00
2025-11-06T18:26:25,21.7,27.20,1,0,25.00,32.00
2025-11-06T18:26:26,22.8,24.60,1,0,25.00,32.00
2025-11-06T18:26:27,23.8,24.50,1,0,25.00,32.00
2025-11-06T18:26:28,24.9,27.20,1,0,25.00,32.00
2025-11-06T18:26:29,25.9,24.50,1,0,25.00,32.00
2025-11-06T18:26:30,26.9,24.50,1,0,25.00,32.00
2025-11-06T18:26:31,28.0,27.00,1,0,25.00,32.00
2025-11-06T18:26:32,29.0,24.50,1,0,25.00,32.00
2025-11-06T18:26:33,30.1,27.00,1,0,25.00,32.00
2025-11-06T18:26:34,31.1,24.40,1,0,25.00,32.00
2025-11-06T18:26:35,32.2,27.00,1,0,25.00,32.00
2025-11-06T18:26:36,33.2,24.50,1,0,25.00,32.00
2025-11-06T18:26:37,34.3,27.00,1,0,25.00,32.00
2025-11-06T18:26:38,35.3,24.40,1,0,25.00,32.00
2025-11-06T18:26:39,36.4,27.10,1,0,25.00,32.00
2025-11-06T18:26:40,37.4,24.40,1,0,25.00,32.00
2025-11-06T18:26:41,38.4,27.00,1,0,25.00,32.00
2025-11-06T18:26:42,39.5,24.40,1,0,25.00,32.00
2025-11-06T18:26:43,40.5,27.00,1,0,25.00,32.00
2025-11-06T18:26:45,41.6,24.40,1,0,25.00,32.00
2025-11-06T18:26:46,42.6,26.90,1,0,25.00,32.00
2025-11-06T18:26:47,43.7,24.40,1,0,25.00,32.00
2025-11-06T18:26:48,44.7,26.90,1,0,25.00,32.00
2025-11-06T18:26:49,45.8,24.40,1,0,25.00,32.00
2025-11-06T18:26:50,46.8,26.90,1,0,25.00,32.00
2025-11-06T18:26:51,47.8,24.40,1,0,25.00,32.00
2025-11-06T18:26:52,48.9,26.90,1,0,25.00,32.00
2025-11-06T18:26:53,49.9,24.40,1,0,25.00,32.00
2025-11-06T18:26:54,51.0,26.90,1,0,25.00,32.00
2025-11-06T18:26:55,52.0,24.40,1,0,25.00,32.00
2025-11-06T18:26:56,53.1,26.90,1,0,25.00,32.00
2025-11-06T18:26:57,54.1,24.30,1,0,25.00,32.00
2025-11-06T18:26:58,55.2,26.90,1,0,25.00,32.00
2025-11-06T18:26:59,56.2,24.30,1,0,25.00,32.00
2025-11-06T18:27:00,57.3,26.90,1,0,25.00,32.00
2025-11-06T18:27:01,58.3,24.30,1,0,25.00,32.00
2025-11-06T18:27:02,59.3,27.30,1,0,25.00,32.00
2025-11-06T18:27:03,60.4,24.30,1,0,25.00,32.00
2025-11-06T18:27:04,61.4,26.40,1,0,25.00,32.00
2025-11-06T18:27:05,62.5,24.30,1,0,25.00,32.00
2025-11-06T18:27:06,63.5,24.70,1,0,25.00,32.00
2025-11-06T18:27:08,64.6,24.30,1,0,25.00,32.00
2025-11-06T18:27:09,65.6,25.40,1,0,25.00,32.00
2025-11-06T18:27:10,66.7,24.30,1,0,25.00,32.00
2025-11-06T18:27:11,67.7,25.00,1,0,25.00,32.00
2025-11-06T18:27:12,68.7,24.30,1,0,25.00,32.00
2025-11-06T18:27:13,69.8,25.10,1,0,25.00,32.00
2025-11-06T18:27:14,70.8,24.10,1,0,25.00,32.00
2025-11-06T18:27:15,71.9,25.10,1,0,25.00,32.00
2025-11-06T18:27:16,72.9,24.20,1,0,25.00,32.00
2025-11-06T18:27:17,74.0,25.10,1,0,25.00,32.00
2025-11-06T18:27:18,75.0,24.10,1,0,25.00,32.00
2025-11-06T18:27:19,76.1,25.00,1,0,25.00,32.00
2025-11-06T18:27:20,77.1,24.20,1,0,25.00,32.00
2025-11-06T18:27:21,78.2,25.00,1,0,25.00,32.00
2025-11-06T18:27:22,79.2,24.10,1,0,25.00,32.00
2025-11-06T18:27:23,80.2,25.00,1,0,25.00,32.00
2025-11-06T18:27:24,81.3,24.10,1,0,25.00,32.00
2025-11-06T18:27:25,82.3,25.00,1,0,25.00,32.00
2025-11-06T18:27:26,83.4,24.10,1,0,25.00,32.00
2025-11-06T18:27:27,84.4,25.00,1,0,25.00,32.00
2025-11-06T18:27:28,85.5,24.00,1,0,25.00,32.00
2025-11-06T18:27:29,86.5,25.00,1,0,25.00,32.00
2025-11-06T18:27:31,87.6,24.10,1,0,25.00,32.00
2025-11-06T18:27:32,88.6,25.00,1,0,25.00,32.00
2025-11-06T18:27:33,89.6,24.10,1,0,25.00,32.00
2025-11-06T18:27:34,90.7,25.70,1,0,25.00,32.00
2025-11-06T18:27:35,91.7,26.30,1,0,25.00,32.00
2025-11-06T18:27:36,92.8,24.10,1,0,25.00,32.00
2025-11-06T18:27:37,93.8,25.10,1,0,25.00,32.00
2025-11-06T18:27:38,94.9,24.10,1,0,25.00,32.00
2025-11-06T18:27:39,95.9,24.50,1,0,25.00,32.00
2025-11-06T18:27:40,97.0,24.00,1,0,25.00,32.00
2025-11-06T18:27:41,98.0,24.50,1,0,25.00,32.00
2025-11-06T18:27:42,99.0,24.50,1,0,25.00,32.00
2025-11-06T18:27:43,100.1,24.40,1,0,25.00,32.00
2025-11-06T18:27:44,101.1,24.50,1,0,25.00,32.00
2025-11-06T18:27:45,102.2,24.40,1,0,25.00,32.00
2025-11-06T18:27:46,103.2,24.50,1,0,25.00,32.00
2025-11-06T18:27:47,104.3,24.40,1,0,25.00,32.00
2025-11-06T18:27:48,105.3,24.40,1,0,25.00,32.00
2025-11-06T18:27:49,106.4,24.40,1,0,25.00,32.00
2025-11-06T18:27:50,107.4,24.50,1,0,25.00,32.00
2025-11-06T18:27:51,108.5,24.40,1,0,25.00,32.00
2025-11-06T18:27:52,109.5,24.40,1,0,25.00,32.00
2025-11-06T18:27:54,110.5,24.40,1,0,25.00,32.00
2025-11-06T18:27:55,111.6,24.50,1,0,25.00,32.00
2025-11-06T18:27:56,112.6,24.40,1,0,25.00,32.00
2025-11-06T18:27:57,113.7,24.40,1,0,25.00,32.00
2025-11-06T18:27:58,114.7,24.40,1,0,25.00,32.00
2025-11-06T18:27:59,115.8,24.40,1,0,25.00,32.00
2025-11-06T18:28:00,116.8,24.40,1,0,25.00,32.00
2025-11-06T18:28:01,117.9,24.40,1,0,25.00,32.00
2025-11-06T18:28:02,118.9,24.40,1,0,25.00,32.00
2025-11-06T18:28:03,119.9,24.40,1,0,25.00,32.00
2025-11-06T18:28:04,121.0,24.40,1,0,25.00,32.00
2025-11-06T18:28:05,122.0,24.40,1,0,25.00,32.00
2025-11-06T18:28:06,123.1,24.40,1,0,25.00,32.00
2025-11-06T18:28:07,124.1,24.40,1,0,25.00,32.00
2025-11-06T18:28:08,125.2,24.40,1,0,25.00,32.00
2025-11-06T18:28:09,126.2,24.40,1,0,25.00,32.00
2025-11-06T18:28:10,127.3,24.40,1,0,25.00,32.00
2025-11-06T18:28:11,128.3,24.40,1,0,25.00,32.00
2025-11-06T18:28:12,129.4,24.40,1,0,25.00,32.00
2025-11-06T18:28:13,130.4,24.40,1,0,25.00,32.00
2025-11-06T18:28:14,131.4,24.50,1,0,25.00,32.00
2025-11-06T18:28:15,132.5,24.40,1,0,25.00,32.00
2025-11-06T18:28:17,133.5,25.20,1,0,25.00,32.00
2025-11-06T18:28:18,134.6,24.00,1,0,25.00,32.00
2025-11-06T18:28:19,135.6,25.40,1,0,25.00,32.00
2025-11-06T18:28:20,136.7,23.90,1,0,25.00,32.00
2025-11-06T18:28:21,137.7,24.40,1,0,25.00,32.00
2025-11-06T18:28:22,138.8,24.40,1,0,25.00,32.00
2025-11-06T18:28:23,139.8,24.40,1,0,25.00,32.00
2025-11-06T18:28:24,140.9,24.40,1,0,25.00,32.00
2025-11-06T18:28:25,142.0,32.00,1,0,25.00,32.00
2025-11-06T18:28:26,142.9,23.90,1,0,25.00,32.00
2025-11-06T18:28:27,144.0,31.30,1,0,25.00,32.00
2025-11-06T18:28:28,145.0,23.90,1,0,25.00,32.00
2025-11-06T18:28:29,146.1,25.20,1,0,25.00,32.00
2025-11-06T18:28:30,147.1,24.00,1,0,25.00,32.00
2025-11-06T18:28:31,148.2,24.20,1,0,25.00,32.00
2025-11-06T18:28:32,149.2,24.30,1,0,25.00,32.00
2025-11-06T18:28:33,150.3,24.60,1,0,25.00,32.00
2025-11-06T18:28:34,151.3,23.90,1,0,25.00,32.00
2025-11-06T18:28:35,152.4,25.50,1,0,25.00,32.00
2025-11-06T18:28:36,153.4,24.00,1,0,25.00,32.00
2025-11-06T18:28:37,154.4,25.40,1,0,25.00,32.00
2025-11-06T18:28:38,155.5,23.90,1,0,25.00,32.00
2025-11-06T18:28:40,156.6,23.90,1,0,25.00,32.00
2025-11-06T18:28:41,157.6,23.90,1,0,25.00,32.00
2025-11-06T18:28:42,158.7,23.90,1,0,25.00,32.00
2025-11-06T18:28:43,159.7,23.90,1,0,25.00,32.00
2025-11-06T18:28:44,160.7,24.70,1,0,25.00,32.00
2025-11-06T18:28:45,161.8,24.70,1,0,25.00,32.00
2025-11-06T18:28:46,162.8,24.70,1,0,25.00,32.00
2025-11-06T18:28:47,163.9,24.70,1,0,25.00,32.00
2025-11-06T18:28:48,164.9,24.70,1,0,25.00,32.00
2025-11-06T18:28:49,166.0,24.70,1,0,25.00,32.00
2025-11-06T18:28:50,167.0,24.70,1,0,25.00,32.00
2025-11-06T18:28:51,168.0,23.90,1,0,25.00,32.00
2025-11-06T18:28:52,169.1,24.90,1,0,25.00,32.00
2025-11-06T18:28:53,170.1,24.00,1,0,25.00,32.00
2025-11-06T18:28:54,171.2,25.20,1,0,25.00,32.00
2025-11-06T18:28:55,172.2,23.90,1,0,25.00,32.00
2025-11-06T18:28:56,173.3,24.80,1,0,25.00,32.00
2025-11-06T18:28:57,174.3,23.90,1,0,25.00,32.00
2025-11-06T18:28:58,175.4,26.30,1,0,25.00,32.00
2025-11-06T18:28:59,176.4,23.90,1,0,25.00,32.00
2025-11-06T18:29:00,177.4,26.20,1,0,25.00,32.00
2025-11-06T18:29:01,178.5,24.00,1,0,25.00,32.00
2025-11-06T18:29:03,179.5,26.50,1,0,25.00,32.00
2025-11-06T18:29:04,180.6,23.90,1,0,25.00,32.00
2025-11-06T18:29:05,181.6,25.40,1,0,25.00,32.00
2025-11-06T18:29:06,182.7,24.00,1,0,25.00,32.00
2025-11-06T18:29:07,183.7,25.40,1,0,25.00,32.00
2025-11-06T18:29:08,184.8,24.00,1,0,25.00,32.00
2025-11-06T18:29:09,185.8,25.30,1,0,25.00,32.00
2025-11-06T18:29:10,186.8,24.00,1,0,25.00,32.00
2025-11-06T18:29:11,187.9,26.20,1,0,25.00,32.00
2025-11-06T18:29:12,188.9,23.90,1,0,25.00,32.00
2025-11-06T18:29:13,190.0,25.50,1,0,25.00,32.00
2025-11-06T18:29:14,191.0,23.90,1,0,25.00,32.00
2025-11-06T18:29:15,192.1,25.40,1,0,25.00,32.00
2025-11-06T18:29:16,193.1,24.00,1,0,25.00,32.00
2025-11-06T18:29:17,194.2,25.90,1,0,25.00,32.00
2025-11-06T18:29:18,195.2,23.90,1,0,25.00,32.00
2025-11-06T18:29:19,196.3,24.40,1,0,25.00,32.00
2025-11-06T18:29:20,197.3,24.40,1,0,25.00,32.00
2025-11-06T18:29:21,198.3,24.40,1,0,25.00,32.00
2025-11-06T18:29:22,199.4,24.40,1,0,25.00,32.00
2025-11-06T18:29:23,200.4,24.40,1,0,25.00,32.00
2025-11-06T18:29:24,201.5,24.40,1,0,25.00,32.00
2025-11-06T18:29:25,202.5,24.30,1,0,25.00,32.00
2025-11-06T18:29:27,203.6,24.40,1,0,25.00,32.00
2025-11-06T18:29:28,204.6,24.30,1,0,25.00,32.00
2025-11-06T18:29:29,205.7,24.40,1,0,25.00,32.00
2025-11-06T18:29:30,206.7,24.40,1,0,25.00,32.00
2025-11-06T18:29:31,207.8,24.40,1,0,25.00,32.00
2025-11-06T18:29:32,208.8,24.00,1,0,25.00,32.00
2025-11-06T18:29:33,209.8,24.40,1,0,25.00,32.00
2025-11-06T18:29:34,210.9,24.40,1,0,25.00,32.00
2025-11-06T18:29:35,211.9,24.40,1,0,25.00,32.00
2025-11-06T18:29:36,213.0,24.60,1,0,25.00,32.00
2025-11-06T18:29:37,214.0,24.00,1,0,25.00,32.00
2025-11-06T18:29:38,215.1,24.80,1,0,25.00,32.00
2025-11-06T18:29:39,216.1,24.30,1,0,25.00,32.00
2025-11-06T18:29:40,217.2,25.00,1,0,25.00,32.00
2025-11-06T18:29:41,218.2,24.90,1,0,25.00,32.00
2025-11-06T18:29:42,219.3,25.40,1,0,25.00,32.00
2025-11-06T18:29:43,220.3,25.90,1,0,25.00,32.00
2025-11-06T18:29:44,221.3,26.40,1,0,25.00,32.00
2025-11-06T18:29:45,222.4,27.00,1,0,25.00,32.00
2025-11-06T18:29:46,223.4,27.60,1,0,25.00,32.00
2025-11-06T18:29:47,224.5,28.00,1,0,25.00,32.00
2025-11-06T18:29:48,225.5,28.50,1,0,25.00,32.00
2025-11-06T18:29:50,226.6,29.00,1,0,25.00,32.00
2025-11-06T18:29:51,227.6,29.40,1,0,25.00,32.00
2025-11-06T18:29:52,228.7,29.80,1,0,25.00,32.00
2025-11-06T18:29:53,229.7,30.30,1,0,25.00,32.00
2025-11-06T18:29:54,230.7,30.70,1,0,25.00,32.00
2025-11-06T18:29:55,231.8,31.20,1,0,25.00,32.00
2025-11-06T18:29:56,232.8,31.30,1,0,25.00,32.00
2025-11-06T18:29:57,233.9,31.70,1,0,25.00,32.00
2025-11-06T18:29:58,234.9,32.00,1,0,25.00,32.00
2025-11-06T18:29:59,236.0,32.30,1,0,25.00,32.00
2025-11-06T18:30:00,237.3,32.50,0,85,25.00,32.00
2025-11-06T18:30:01,238.4,32.80,0,85,25.00,32.00
2025-11-06T18:30:02,239.4,33.10,0,85,25.00,32.00
2025-11-06T18:30:03,240.5,33.20,0,85,25.00,32.00
2025-11-06T18:30:05,241.6,33.30,0,85,25.00,32.00
2025-11-06T18:30:06,242.5,33.60,0,85,25.00,32.00
2025-11-06T18:30:07,243.6,33.70,0,85,25.00,32.00
2025-11-06T18:30:08,244.6,33.80,0,85,25.00,32.00
2025-11-06T18:30:09,245.7,34.10,0,85,25.00,32.00
2025-11-06T18:30:10,246.7,34.20,0,85,25.00,32.00
2025-11-06T18:30:11,247.8,34.20,0,85,25.00,32.00
2025-11-06T18:30:12,248.8,34.20,0,85,25.00,32.00
2025-11-06T18:30:13,249.9,34.30,0,85,25.00,32.00
2025-11-06T18:30:14,250.9,34.20,0,85,25.00,32.00
2025-11-06T18:30:15,252.0,34.40,0,85,25.00,32.00
2025-11-06T18:30:16,253.0,34.50,0,85,25.00,32.00
2025-11-06T18:30:17,254.0,34.60,0,85,25.00,32.00
2025-11-06T18:30:18,255.1,34.50,0,85,25.00,32.00
2025-11-06T18:30:19,256.1,34.60,0,85,25.00,32.00
2025-11-06T18:30:20,257.2,34.70,0,85,25.00,32.00
2025-11-06T18:30:21,258.2,34.70,0,85,25.00,32.00
2025-11-06T18:30:22,259.3,34.60,0,85,25.00,32.00
2025-11-06T18:30:23,260.3,34.50,0,85,25.00,32.00
2025-11-06T18:30:24,261.4,34.60,0,85,25.00,32.00
2025-11-06T18:30:25,262.4,34.60,0,85,25.00,32.00
2025-11-06T18:30:26,263.4,34.50,0,85,25.00,32.00
2025-11-06T18:30:27,264.5,34.40,0,85,25.00,32.00
2025-11-06T18:30:29,265.5,34.30,0,85,25.00,32.00
2025-11-06T18:30:30,266.6,34.30,0,85,25.00,32.00
2025-11-06T18:30:31,267.6,34.30,0,85,25.00,32.00
2025-11-06T18:30:32,268.7,34.20,0,85,25.00,32.00
2025-11-06T18:30:33,269.7,34.20,0,85,25.00,32.00
2025-11-06T18:30:34,270.8,34.20,0,85,25.00,32.00
2025-11-06T18:30:35,271.8,34.20,0,85,25.00,32.00
2025-11-06T18:30:36,272.9,34.10,0,85,25.00,32.00
2025-11-06T18:30:37,273.9,34.00,0,85,25.00,32.00
2025-11-06T18:30:38,274.9,33.70,0,85,25.00,32.00
2025-11-06T18:30:39,276.0,33.70,0,85,25.00,32.00
2025-11-06T18:30:40,277.0,33.70,0,85,25.00,32.00
2025-11-06T18:30:41,278.1,33.70,0,85,25.00,32.00
2025-11-06T18:30:42,279.1,33.70,0,85,25.00,32.00
2025-11-06T18:30:43,280.2,33.60,0,85,25.00,32.00
2025-11-06T18:30:44,281.2,33.40,0,85,25.00,32.00
2025-11-06T18:30:45,282.3,33.30,0,85,25.00,32.00
2025-11-06T18:30:46,283.3,33.30,0,85,25.00,32.00
2025-11-06T18:30:47,284.4,33.20,0,85,25.00,32.00
2025-11-06T18:30:48,285.4,33.20,0,85,25.00,32.00
2025-11-06T18:30:49,286.4,33.20,0,85,25.00,32.00
2025-11-06T18:30:50,287.5,33.00,0,85,25.00,32.00
2025-11-06T18:30:52,288.5,32.90,0,85,25.00,32.00
2025-11-06T18:30:53,289.6,32.70,0,85,25.00,32.00
2025-11-06T18:30:54,290.6,32.80,0,85,25.00,32.00
2025-11-06T18:30:55,291.7,32.70,0,85,25.00,32.00
2025-11-06T18:30:56,292.7,32.70,0,85,25.00,32.00
2025-11-06T18:30:57,293.8,32.60,0,85,25.00,32.00
2025-11-06T18:30:58,294.8,32.50,0,85,25.00,32.00
2025-11-06T18:30:59,295.9,32.30,0,85,25.00,32.00
2025-11-06T18:31:00,296.9,32.30,0,85,25.00,32.00
2025-11-06T18:31:01,297.9,32.30,0,85,25.00,32.00
2025-11-06T18:31:02,299.0,32.20,0,85,25.00,32.00
2025-11-06T18:31:03,300.0,32.10,0,85,25.00,32.00
2025-11-06T18:31:04,301.1,32.00,0,85,25.00,32.00
2025-11-06T18:31:05,302.1,31.90,0,85,25.00,32.00
2025-11-06T18:31:06,303.2,31.90,0,85,25.00,32.00
2025-11-06T18:31:07,304.2,31.80,0,85,25.00,32.00
2025-11-06T18:31:08,305.3,31.70,0,85,25.00,32.00
2025-11-06T18:31:09,306.3,31.70,0,85,25.00,32.00
2025-11-06T18:31:10,307.3,31.60,0,85,25.00,32.00
2025-11-06T18:31:11,308.4,31.40,0,85,25.00,32.00
2025-11-06T18:31:12,309.4,31.40,0,85,25.00,32.00
2025-11-06T18:31:13,310.5,31.30,0,85,25.00,32.00
2025-11-06T18:31:14,311.5,31.30,0,85,25.00,32.00
2025-11-06T18:31:16,312.6,31.30,0,85,25.00,32.00
2025-11-06T18:31:17,313.6,31.30,0,85,25.00,32.00
2025-11-06T18:31:18,314.7,31.30,0,85,25.00,32.00
2025-11-06T18:31:19,315.7,31.20,0,85,25.00,32.00
2025-11-06T18:31:20,316.8,31.20,0,85,25.00,32.00
2025-11-06T18:31:21,317.8,31.00,0,85,25.00,32.00
2025-11-06T18:31:22,318.8,30.80,0,85,25.00,32.00
2025-11-06T18:31:23,319.9,30.70,0,85,25.00,32.00
2025-11-06T18:31:24,320.9,30.70,0,85,25.00,32.00
2025-11-06T18:31:25,322.0,30.70,0,85,25.00,32.00
2025-11-06T18:31:26,323.0,30.60,0,85,25.00,32.00
2025-11-06T18:31:27,324.1,30.40,0,85,25.00,32.00
2025-11-06T18:31:28,325.1,30.40,0,85,25.00,32.00
2025-11-06T18:31:29,326.2,30.40,0,85,25.00,32.00
2025-11-06T18:31:30,327.2,30.30,0,85,25.00,32.00
2025-11-06T18:31:31,328.2,30.30,0,85,25.00,32.00
2025-11-06T18:31:32,329.3,30.30,0,85,25.00,32.00
2025-11-06T18:31:33,330.3,30.20,0,85,25.00,32.00
2025-11-06T18:31:34,331.4,30.20,0,85,25.00,32.00
2025-11-06T18:31:35,332.4,30.10,0,85,25.00,32.00
2025-11-06T18:31:36,333.5,30.00,0,85,25.00,32.00
2025-11-06T18:31:37,334.5,29.90,0,85,25.00,32.00
2025-11-06T18:31:39,335.6,29.90,0,85,25.00,32.00
2025-11-06T18:31:40,336.6,29.80,0,85,25.00,32.00
2025-11-06T18:31:41,337.7,29.80,0,85,25.00,32.00
2025-11-06T18:31:42,338.7,29.70,0,85,25.00,32.00
2025-11-06T18:31:43,339.7,29.80,0,85,25.00,32.00
2025-11-06T18:31:44,340.8,29.80,0,85,25.00,32.00
2025-11-06T18:31:45,341.8,29.70,0,85,25.00,32.00
2025-11-06T18:31:46,342.9,29.70,0,85,25.00,32.00
2025-11-06T18:31:47,343.9,29.60,0,85,25.00,32.00
2025-11-06T18:31:48,345.0,29.50,0,85,25.00,32.00
2025-11-06T18:31:49,346.0,29.30,0,85,25.00,32.00
2025-11-06T18:31:50,347.1,29.40,0,85,25.00,32.00
2025-11-06T18:31:51,348.1,29.40,0,85,25.00,32.00
2025-11-06T18:31:52,349.1,29.30,0,85,25.00,32.00
2025-11-06T18:31:53,350.2,29.80,0,85,25.00,32.00
2025-11-06T18:31:54,351.2,29.30,0,85,25.00,32.00
2025-11-06T18:31:55,352.3,29.30,0,85,25.00,32.00
2025-11-06T18:31:56,353.3,29.30,0,85,25.00,32.00
2025-11-06T18:31:57,354.4,29.30,0,85,25.00,32.00
2025-11-06T18:31:58,355.4,29.20,0,85,25.00,32.00
2025-11-06T18:31:59,356.5,29.00,0,85,25.00,32.00
2025-11-06T18:32:00,357.5,29.00,0,85,25.00,32.00
2025-11-06T18:32:02,358.6,28.90,0,85,25.00,32.00
2025-11-06T18:32:03,359.6,28.90,0,85,25.00,32.00
2025-11-06T18:32:04,360.6,28.80,0,85,25.00,32.00
2025-11-06T18:32:05,361.7,28.80,0,85,25.00,32.00
2025-11-06T18:32:06,362.7,28.80,0,85,25.00,32.00
2025-11-06T18:32:07,363.8,28.70,0,85,25.00,32.00
2025-11-06T18:32:08,364.8,28.70,0,85,25.00,32.00
2025-11-06T18:32:09,365.9,28.50,0,85,25.00,32.00
2025-11-06T18:32:10,366.9,28.50,0,85,25.00,32.00
2025-11-06T18:32:11,368.0,28.40,0,85,25.00,32.00
2025-11-06T18:32:12,369.0,28.40,0,85,25.00,32.00
2025-11-06T18:32:13,370.0,28.40,0,85,25.00,32.00
2025-11-06T18:32:14,371.1,28.40,0,85,25.00,32.00
2025-11-06T18:32:15,372.1,28.30,0,85,25.00,32.00
2025-11-06T18:32:16,373.2,28.30,0,85,25.00,32.00
2025-11-06T18:32:17,374.2,28.20,0,85,25.00,32.00
2025-11-06T18:32:18,375.3,28.10,0,85,25.00,32.00
2025-11-06T18:32:19,376.3,28.10,0,85,25.00,32.00
2025-11-06T18:32:20,377.4,28.20,0,85,25.00,32.00
2025-11-06T18:32:21,378.4,28.10,0,85,25.00,32.00
2025-11-06T18:32:22,379.5,28.10,0,85,25.00,32.00
2025-11-06T18:32:23,380.5,28.00,0,85,25.00,32.00
2025-11-06T18:32:25,381.5,27.90,0,85,25.00,32.00
2025-11-06T18:32:26,382.6,28.00,0,85,25.00,32.00
2025-11-06T18:32:27,383.6,27.80,0,85,25.00,32.00
2025-11-06T18:32:28,384.7,27.80,0,85,25.00,32.00
2025-11-06T18:32:29,385.7,27.80,0,85,25.00,32.00
2025-11-06T18:32:30,386.8,27.80,0,85,25.00,32.00
2025-11-06T18:32:31,387.8,27.80,0,85,25.00,32.00
2025-11-06T18:32:32,388.9,27.80,0,85,25.00,32.00
2025-11-06T18:32:33,389.9,27.70,0,85,25.00,32.00
2025-11-06T18:32:34,391.0,27.60,0,85,25.00,32.00
2025-11-06T18:32:35,392.0,27.60,0,85,25.00,32.00
2025-11-06T18:32:36,393.0,27.60,0,85,25.00,32.00
2025-11-06T18:32:37,394.1,27.40,0,85,25.00,32.00
2025-11-06T18:32:38,395.1,27.40,0,85,25.00,32.00
2025-11-06T18:32:39,396.2,27.40,0,85,25.00,32.00
2025-11-06T18:32:40,397.2,27.40,0,85,25.00,32.00
2025-11-06T18:32:41,398.3,27.40,0,85,25.00,32.00
2025-11-06T18:32:42,399.3,27.30,0,85,25.00,32.00
2025-11-06T18:32:43,400.4,27.30,0,85,25.00,32.00
2025-11-06T18:32:44,401.4,27.40,0,85,25.00,32.00
2025-11-06T18:32:45,402.4,27.30,0,85,25.00,32.00
2025-11-06T18:32:46,403.5,27.30,0,85,25.00,32.00
2025-11-06T18:32:48,404.5,27.20,0,85,25.00,32.00
2025-11-06T18:32:49,405.6,27.20,0,85,25.00,32.00
2025-11-06T18:32:50,406.6,27.20,0,85,25.00,32.00
2025-11-06T18:32:51,407.7,27.10,0,85,25.00,32.00
2025-11-06T18:32:52,408.7,27.00,0,85,25.00,32.00
2025-11-06T18:32:53,409.8,27.00,0,85,25.00,32.00
2025-11-06T18:32:54,410.8,27.00,0,85,25.00,32.00
2025-11-06T18:32:55,411.9,27.00,0,85,25.00,32.00
2025-11-06T18:32:56,412.9,26.90,0,85,25.00,32.00
2025-11-06T18:32:57,413.9,26.90,0,85,25.00,32.00
2025-11-06T18:32:58,415.0,26.90,0,85,25.00,32.00
2025-11-06T18:32:59,416.0,26.90,0,85,25.00,32.00
2025-11-06T18:33:00,417.1,26.90,0,85,25.00,32.00
2025-11-06T18:33:01,418.1,26.90,0,85,25.00,32.00
2025-11-06T18:33:02,419.2,26.90,0,85,25.00,32.00
2025-11-06T18:33:03,420.2,26.90,0,85,25.00,32.00
2025-11-06T18:33:04,421.3,26.80,0,85,25.00,32.00
2025-11-06T18:33:05,422.3,26.80,0,85,25.00,32.00
2025-11-06T18:33:06,423.4,26.70,0,85,25.00,32.00
2025-11-06T18:33:07,424.4,26.60,0,85,25.00,32.00
2025-11-06T18:33:08,425.4,26.70,0,85,25.00,32.00
2025-11-06T18:33:09,426.5,26.70,0,85,25.00,32.00
2025-11-06T18:33:10,427.5,26.60,0,85,25.00,32.00
2025-11-06T18:33:12,428.6,26.60,0,85,25.00,32.00
2025-11-06T18:33:13,429.6,26.40,0,85,25.00,32.00
2025-11-06T18:33:14,430.7,26.50,0,85,25.00,32.00
2025-11-06T18:33:15,431.7,26.50,0,85,25.00,32.00
2025-11-06T18:33:16,432.8,26.50,0,85,25.00,32.00
2025-11-06T18:33:17,433.8,26.40,0,85,25.00,32.00
2025-11-06T18:33:18,434.8,26.40,0,85,25.00,32.00
2025-11-06T18:33:19,435.9,26.40,0,85,25.00,32.00
2025-11-06T18:33:20,436.9,26.40,0,85,25.00,32.00
2025-11-06T18:33:21,438.0,26.40,0,85,25.00,32.00
2025-11-06T18:33:22,439.0,26.40,0,85,25.00,32.00
2025-11-06T18:33:23,440.1,26.40,0,85,25.00,32.00
2025-11-06T18:33:24,441.1,26.40,0,85,25.00,32.00
2025-11-06T18:33:25,442.2,26.40,0,85,25.00,32.00
2025-11-06T18:33:26,443.2,26.20,0,85,25.00,32.00
2025-11-06T18:33:27,444.3,26.20,0,85,25.00,32.00
2025-11-06T18:33:28,445.3,26.20,0,85,25.00,32.00
2025-11-06T18:33:29,446.3,26.20,0,85,25.00,32.00
2025-11-06T18:33:30,447.4,26.10,0,85,25.00,32.00
2025-11-06T18:33:31,448.4,26.20,0,85,25.00,32.00
2025-11-06T18:33:32,449.5,26.10,0,85,25.00,32.00
2025-11-06T18:33:33,450.5,26.10,0,85,25.00,32.00
2025-11-06T18:33:35,451.6,26.00,0,85,25.00,32.00
2025-11-06T18:33:36,452.6,26.00,0,85,25.00,32.00
2025-11-06T18:33:37,453.7,26.00,0,85,25.00,32.00
2025-11-06T18:33:38,454.7,26.00,0,85,25.00,32.00
2025-11-06T18:33:39,455.7,26.00,0,85,25.00,32.00
2025-11-06T18:33:40,456.8,25.90,0,85,25.00,32.00
2025-11-06T18:33:41,457.8,25.90,0,85,25.00,32.00
2025-11-06T18:33:42,458.9,25.90,0,85,25.00,32.00
2025-11-06T18:33:43,459.9,26.00,0,85,25.00,32.00
2025-11-06T18:33:44,461.0,25.90,0,85,25.00,32.00
2025-11-06T18:33:45,462.0,25.90,0,85,25.00,32.00
2025-11-06T18:33:46,463.1,25.90,0,85,25.00,32.00
2025-11-06T18:33:47,464.1,25.90,0,85,25.00,32.00
2025-11-06T18:33:48,465.2,25.90,0,85,25.00,32.00
2025-11-06T18:33:49,466.2,25.90,0,85,25.00,32.00
2025-11-06T18:33:50,467.2,25.90,0,85,25.00,32.00
2025-11-06T18:33:51,468.3,25.90,0,85,25.00,32.00
2025-11-06T18:33:52,469.3,25.90,0,85,25.00,32.00
2025-11-06T18:33:53,470.4,25.90,0,85,25.00,32.00
2025-11-06T18:33:54,471.4,25.70,0,85,25.00,32.00
2025-11-06T18:33:55,472.5,25.80,0,85,25.00,32.00
2025-11-06T18:33:56,473.5,25.80,0,85,25.00,32.00
2025-11-06T18:33:58,474.6,25.70,0,85,25.00,32.00
